{
    "Path 1": {
        "path": [
            [
                31.0,
                50.0
            ],
            [
                31.06632244616216,
                49.378931179708864
            ],
            [
                31.512125496002053,
                48.63139310848146
            ],
            [
                31.62877161707389,
                48.201785158408164
            ],
            [
                31.996582001634987,
                47.46086303784805
            ],
            [
                32.389580928876775,
                46.922301556406865
            ],
            [
                32.40664912180397,
                46.24707960885463
            ],
            [
                32.65856391418434,
                45.82594421994867
            ],
            [
                33.01620713621139,
                45.01903493461574
            ],
            [
                33.11030121461747,
                44.259100868020504
            ],
            [
                33.439424033510406,
                43.82283559996038
            ],
            [
                33.81177176968151,
                42.971950529689984
            ],
            [
                33.98252949699241,
                42.466552750542924
            ],
            [
                34.34610491416356,
                41.71940578315085
            ],
            [
                34.525387416012336,
                41.32727447930331
            ],
            [
                34.5796243474038,
                40.583103959520756
            ],
            [
                35.0,
                40.0
            ]
        ],
        "terrain_counts": {
            "flatlands": 1
        }
    },
    "Path 2": {
        "path": [
            [
                31.0,
                50.0
            ],
            [
                31.10203536802458,
                49.38819394529811
            ],
            [
                31.590901564874812,
                48.67459442386058
            ],
            [
                31.74332239020681,
                47.88226712991843
            ],
            [
                32.02202425263717,
                47.4694831137054
            ],
            [
                32.35610774712675,
                46.68704133206363
            ],
            [
                32.58967491706976,
                46.291764203379294
            ],
            [
                32.64548793627929,
                45.797045339952696
            ],
            [
                32.98216238304863,
                45.01751626163016
            ],
            [
                33.154992780946785,
                44.24457822847464
            ],
            [
                33.54897852587395,
                43.804942329246394
            ],
            [
                33.80950212171385,
                43.33516578087585
            ],
            [
                33.94725114710054,
                42.484697224643256
            ],
            [
                34.0072367900168,
                41.73093462592514
            ],
            [
                34.37398519958028,
                41.233875367658484
            ],
            [
                34.654984947463255,
                40.41951552146513
            ],
            [
                35.0,
                40.0
            ]
        ],
        "terrain_counts": {
            "water": 1,
            "flatlands": 1
        }
    },
    "Path 3": {
        "path": [
            [
                31.0,
                50.0
            ],
            [
                31.14625182592784,
                49.18696291987723
            ],
            [
                31.576972378603546,
                48.655133136072415
            ],
            [
                31.622028777903566,
                48.14501993060836
            ],
            [
                32.03038380942156,
                47.46753258189469
            ],
            [
                32.40244715103339,
                47.04933419059955
            ],
            [
                32.51323063140873,
                46.32826151166641
            ],
            [
                32.804670719080406,
                45.468127234056276
            ],
            [
                32.97713569313262,
                44.98988943762819
            ],
            [
                33.04554050327057,
                44.216394231091535
            ],
            [
                33.3960879317045,
                43.7264401026037
            ],
            [
                33.49859861531623,
                43.10984443392287
            ],
            [
                33.997867372242,
                42.544072295817315
            ],
            [
                34.092180172039,
                41.82488508512427
            ],
            [
                34.57378462887728,
                41.20572373301901
            ],
            [
                34.980683916748724,
                40.65230693576914
            ],
            [
                35.0,
                40.0
            ]
        ],
        "terrain_counts": {
            "flatlands": 1
        }
    },
    "Path 4": {
        "path": [
            [
                31.0,
                50.0
            ],
            [
                31.035235468450427,
                49.439819506878216
            ],
            [
                31.419465238261477,
                48.68418319363893
            ],
            [
                31.695773105310256,
                48.30249690155456
            ],
            [
                31.96837359328714,
                47.52082779066367
            ],
            [
                32.45813016393807,
                46.87856583522742
            ],
            [
                32.55272769174173,
                46.17426090391139
            ],
            [
                32.67063342805345,
                45.42168882141211
            ],
            [
                33.02386928496929,
                44.99256647895981
            ],
            [
                33.35618650621178,
                44.13567043658318
            ],
            [
                33.535227220592006,
                43.64824200096539
            ],
            [
                33.711836491793264,
                43.25613435573073
            ],
            [
                34.061430473508395,
                42.5033658033708
            ],
            [
                34.44073936417231,
                41.92373070827029
            ],
            [
                34.44960487846361,
                41.193192647984695
            ],
            [
                34.885858091233814,
                40.71517573602584
            ],
            [
                35.0,
                40.0
            ]
        ],
        "terrain_counts": {
            "flatlands": 2
        }
    },