{
    "Path 1": {
        "path": [
            [
                31.0,
                50.0
            ],
            [
                31.41447464898191,
                49.2069709942222
            ],
            [
                31.57739887918688,
                48.72494421803956
            ],
            [
                31.573505404594645,
                48.153148477365164
            ],
            [
                31.958097862940072,
                47.486070629716
            ],
            [
                32.13226783388007,
                47.012988421389025
            ],
            [
                32.57926718284432,
                46.24739274245445
            ],
            [
                32.68329864704451,
                45.467140652471585
            ],
            [
                33.001098648539454,
                45.02497584776112
            ],
            [
                33.3092750497221,
                44.22546269807914
            ],
            [
                33.425734527355644,
                43.77701168139482
            ],
            [
                33.93652254350333,
                43.12436114215645
            ],
            [
                34.05011940431777,
                42.51903064227821
            ],
            [
                34.39127414153861,
                42.02409462276014
            ],
            [
                34.425869116129086,
                41.27221286590434
            ],
            [
                34.54393712837053,
                40.52914911082407
            ],
            [
                35.0,
                40.0
            ]
        ],
        "terrain_counts": {
            "flatlands": 1
        }
    },
    "Path 2": {
        "path": [
            [
                31.0,
                50.0
            ],
            [
                31.08790239090767,
                49.383186696583145
            ],
            [
                31.57575852543874,
                48.76029038719695
            ],
            [
                31.57218960429606,
                48.07051778624914
            ],
            [
                31.95453880242793,
                47.48594597054362
            ],
            [
                32.28991660089573,
                47.01508152163456
            ],
            [
                32.50926391070894,
                46.16141565462131
            ],
            [
                32.83011507633062,
                45.77687669578763
            ],
            [
                32.99422918411349,
                45.0243248367724
            ],
            [
                33.33644706769315,
                44.56366698631686
            ],
            [
                33.56311809196459,
                43.72006145888181
            ],
            [
                33.81243213478519,
                43.30063110114326
            ],
            [
                33.94937139116106,
                42.497310254630236
            ],
            [
                34.089885505085874,
                41.726282133027404
            ],
            [
                34.554970008498934,
                41.1890360942869
            ],
            [
                34.58753088250682,
                40.65710743628393
            ],
            [
                35.0,
                40.0
            ]
        ],
        "terrain_counts": {
            "flatlands": 1
        }
    },
    "Path 3": {
        "path": [
            [
                31.0,
                50.0
            ],
            [
                31.12431833657048,
                49.45327144184403
            ],
            [
                31.591242289893618,
                48.7000933950243
            ],
            [
                31.677854420224648,
                47.96892520328591
            ],
            [
                32.03357336090917,
                47.53369877038087
            ],
            [
                32.46282343903856,
                46.93412856725873
            ],
            [
                32.49403852795998,
                46.374158204618915
            ],
            [
                32.8567687740082,
                45.85588607330085
            ],
            [
                32.98112910281284,
                45.01639784252124
            ],
            [
                33.32736061836546,
                44.1480871204922
            ],
            [
                33.560717115159456,
                43.663520102177294
            ],
            [
                33.74811238549243,
                43.26484090302333
            ],
            [
                34.03002146241621,
                42.477488138568454
            ],
            [
                34.037975169264506,
                41.772867265869515
            ],
            [
                34.41762007034274,
                41.21604915407823
            ],
            [
                34.60944184874584,
                40.78159290227878
            ],
            [
                35.0,
                40.0
            ]
        ],
        "terrain_counts": {
            "water": 1,
            "flatlands": 1
        }
    },
    "Path 4": {
        "path": [
            [
                31.0,
                50.0
            ],
            [
                31.382149704291514,
                49.45370861391367
            ],
            [
                31.411306270036697,
                48.719279395004676
            ],
            [
                31.597659999420415,
                47.92577620154571
            ],
            [
                32.02203495844459,
                47.453747570440356
            ],
            [
                32.229368525319714,
                46.679556803726726
            ],
            [
                32.45013806269467,
                46.305140316696935
            ],
            [
                32.67483466112924,
                45.84072479597934
            ],
            [
                32.980340128725125,
                44.984556895990266
            ],
            [
                33.37164157479046,
                44.524193786282304
            ],
            [
                33.58641666485641,
                43.7048899493817
            ],
            [
                33.58994949342905,
                43.08073670245202
            ],
            [
                33.993229790961244,
                42.44237215507388
            ],
            [
                34.34859481561487,
                41.66649051351264
            ],
            [
                34.582841791355435,
                41.2718311407494
            ],
            [
                34.76411389300562,
                40.83404261952515
            ],
            [
                35.0,
                40.0
            ]
        ],
        "terrain_counts": {
            "urban": 2,
            "flatlands": 2,
            "water": 1
        }
    },