{
    "Path 1": {
        "path": [
            [
                -22.9068,
                -43.1729
            ],
            [
                -23.092707573834556,
                -43.33435888319718
            ],
            [
                -22.896544560844703,
                -43.6142325740987
            ],
            [
                -22.900917327615343,
                -43.97756463452087
            ],
            [
                -23.0699337756888,
                -43.97635251626635
            ],
            [
                -22.949738549634255,
                -44.249537849461426
            ],
            [
                -23.227755259071163,
                -44.48494416159785
            ],
            [
                -23.332301890957815,
                -44.850590088411785
            ],
            [
                -23.221525400740724,
                -44.87913669293702
            ],
            [
                -23.291479717681792,
                -44.85330408661061
            ],
            [
                -23.287960150117563,
                -45.220665565051135
            ],
            [
                -23.307745114189466,
                -45.29031802327719
            ],
            [
                -23.434809596196327,
                -45.74531591748457
            ],
            [
                -23.396745390621835,
                -46.157370355507936
            ],
            [
                -23.394341720634475,
                -46.171017556898185
            ],
            [
                -23.65829914902324,
                -46.475977893776545
            ],
            [
                -23.5505,
                -46.6333
            ]
        ],
        "terrain_counts": {
            "urban": 2,
            "water": 1,
            "flatlands": 1,
            "forest": 3
        }
    },
    "Path 2": {
        "path": [
            [
                -22.9068,
                -43.1729
            ],
            [
                -22.845653862934025,
                -43.26523102562557
            ],
            [
                -23.05032037821699,
                -43.656466105842604
            ],
            [
                -22.991751503723943,
                -44.02883313249688
            ],
            [
                -23.03767077168633,
                -44.015088480894434
            ],
            [
                -23.229413202140293,
                -44.40785111987679
            ],
            [
                -23.238026302544924,
                -44.44499648076979
            ],
            [
                -23.22599034188364,
                -44.883274015228075
            ],
            [
                -23.244175545357134,
                -44.92269483200651
            ],
            [
                -23.027999999490365,
                -45.09222070062969
            ],
            [
                -23.203629355281986,
                -45.34230039620391
            ],
            [
                -23.117589026456162,
                -45.65498875361759
            ],
            [
                -23.362138192809617,
                -45.74248700095289
            ],
            [
                -23.448630426147556,
                -46.11022484019722
            ],
            [
                -23.44230740328545,
                -46.08888000414424
            ],
            [
                -23.696078050510582,
                -46.34968147875849
            ],
            [
                -23.5505,
                -46.6333
            ]
        ],
        "terrain_counts": {
            "urban": 1,
            "forest": 3,
            "water": 1,
            "flatlands": 1
        }
    },
    "Path 3": {
        "path": [
            [
                -22.9068,
                -43.1729
            ],
            [
                -22.752426562054616,
                -43.224224461153575
            ],
            [
                -22.931928860475278,
                -43.49583735292944
            ],
            [
                -22.835216128915764,
                -43.618835265676786
            ],
            [
                -23.045641896096544,
                -43.99808684686921
            ],
            [
                -22.946246090776516,
                -44.06997264013609
            ],
            [
                -23.055784157070427,
                -44.48295466218953
            ],
            [
                -23.25475017681485,
                -44.51674321881906
            ],
            [
                -23.25272677368485,
                -44.896368806277586
            ],
            [
                -23.46668252313881,
                -45.2074705933007
            ],
            [
                -23.397333873201895,
                -45.23619210961466
            ],
            [
                -23.397412461480098,
                -45.6755753756974
            ],
            [
                -23.398084597160743,
                -45.714959082153534
            ],
            [
                -23.337223340648123,
                -46.127750454637194
            ],
            [
                -23.54534973211065,
                -46.24449175494252
            ],
            [
                -23.486587470944528,
                -46.248533791012264
            ],
            [
                -23.5505,
                -46.6333
            ]
        ],
        "terrain_counts": {
            "urban": 2,
            "forest": 5,
            "water": 2,
            "flatlands": 1
        }
    },
    "Path 4": {
        "path": [
            [
                -22.9068,
                -43.1729
            ],
            [
                -23.123715270374554,
                -43.52060114111561
            ],
            [
                -22.98176927908825,
                -43.691614436358414
            ],
            [
                -22.87962388642053,
                -43.70076552929346
            ],
            [
                -23.040866165249515,
                -44.01095969971667
            ],
            [
                -23.00565952655664,
                -44.3981504947317
            ],
            [
                -23.06961578720049,
                -44.39782778108525
            ],
            [
                -23.27918210225232,
                -44.494654293643606
            ],
            [
                -23.25140435448415,
                -44.913455643486024
            ],
            [
                -23.367653286414296,
                -45.348176839261434
            ],
            [
                -23.304301781447364,
                -45.425485551949905
            ],
            [
                -23.446218144639317,
                -45.78021040227818
            ],
            [
                -23.449095195862007,
                -45.75987783070001
            ],
            [
                -23.576624932784362,
                -46.19893326812331
            ],
            [
                -23.57854604471192,
                -46.25822236511224
            ],
            [
                -23.510870532944427,
                -46.25309200915273
            ],
            [
                -23.5505,
                -46.6333
            ]
        ],
        "terrain_counts": {
            "urban": 1,
            "forest": 2,
            "water": 2,
            "flatlands": 2,
            "military": 1
        }
    },