{
    "Path 1": {
        "path": [
            [
                41.8781,
                -87.6298
            ],
            [
                43.1298437820272,
                -87.51369770627565
            ],
            [
                44.21624852203613,
                -87.76182473754378
            ],
            [
                45.17616275892408,
                -87.93183386546076
            ],
            [
                46.53597922750957,
                -88.09299962957672
            ],
            [
                47.86948591751553,
                -88.0872403307941
            ],
            [
                48.84733161736636,
                -88.26452545307332
            ],
            [
                49.83775273284377,
                -88.57987672160816
            ],
            [
                51.131228939478234,
                -88.63415786216243
            ],
            [
                52.24368098949382,
                -88.94750579598465
            ],
            [
                53.354945082167,
                -88.86085549386407
            ],
            [
                54.38820755597455,
                -88.87117454784372
            ],
            [
                55.77729529588902,
                -89.06421847697706
            ],
            [
                56.77907912586947,
                -89.125087108241
            ],
            [
                58.101487537800885,
                -89.42512069816063
            ],
            [
                59.36583301091452,
                -89.34664131197093
            ],
            [
                60.3913,
                -89.589
            ]
        ],
        "terrain_counts": {
            "urban": 1,
            "water": 2
        }
    },
    "Path 2": {
        "path": [
            [
                41.8781,
                -87.6298
            ],
            [
                43.2435131133296,
                -87.91371308268124
            ],
            [
                44.27891745502104,
                -87.97158587992229
            ],
            [
                45.22134745596482,
                -88.00493059856731
            ],
            [
                46.54205161039763,
                -88.16830863910391
            ],
            [
                47.47919894857833,
                -88.31018531262394
            ],
            [
                48.79160580801662,
                -88.31356905597954
            ],
            [
                50.12663084144173,
                -88.59087308334198
            ],
            [
                51.13717004211635,
                -88.6342776785883
            ],
            [
                52.20219957115661,
                -88.99205426261992
            ],
            [
                53.405371989397906,
                -88.9744423250327
            ],
            [
                54.707288800767714,
                -88.91129459940632
            ],
            [
                55.71476427396837,
                -89.11889453928632
            ],
            [
                57.101364888529915,
                -89.31282769788771
            ],
            [
                58.092643073837536,
                -89.44576760334763
            ],
            [
                59.0549592536615,
                -89.44648665144263
            ],
            [
                60.3913,
                -89.589
            ]
        ],
        "terrain_counts": {
            "urban": 1,
            "water": 2
        }
    },
    "Path 3": {
        "path": [
            [
                41.8781,
                -87.6298
            ],
            [
                43.27170747580445,
                -87.74786779576229
            ],
            [
                44.27243127389471,
                -87.79081957601669
            ],
            [
                45.22189563976581,
                -88.02165865267465
            ],
            [
                46.54543410145215,
                -88.11083414600924
            ],
            [
                47.88910281933378,
                -88.33504361002149
            ],
            [
                48.847327235928866,
                -88.45232931331736
            ],
            [
                49.92494844314496,
                -88.33249855348141
            ],
            [
                51.1129077099977,
                -88.59714862879284
            ],
            [
                52.02740086138275,
                -88.79814212704763
            ],
            [
                53.32498525802408,
                -88.88406565611844
            ],
            [
                54.64937919643581,
                -88.85167196972586
            ],
            [
                55.7346364801777,
                -89.13992397626134
            ],
            [
                56.772691154196536,
                -89.41645506139528
            ],
            [
                58.12371958070976,
                -89.44389293054458
            ],
            [
                59.45750907637787,
                -89.516980871762
            ],
            [
                60.3913,
                -89.589
            ]
        ],
        "terrain_counts": {
            "urban": 2,
            "flatlands": 1
        }
    },
    "Path 4": {
        "path": [
            [
                41.8781,
                -87.6298
            ],
            [
                42.97818860312571,
                -87.99058232013765
            ],
            [
                44.18155344425894,
                -87.96492704031506
            ],
            [
                45.55453814426931,
                -88.0925012969967
            ],
            [
                46.543327844611944,
                -88.10874630221983
            ],
            [
                47.48091479081353,
                -88.17126225651884
            ],
            [
                48.81780922695971,
                -88.25730539667056
            ],
            [
                50.15901475444371,
                -88.38706217901995
            ],
            [
                51.11007748350582,
                -88.60507198873687
            ],
            [
                52.06656519060994,
                -88.71650305063409
            ],
            [
                53.39660567818926,
                -88.97096669692823
            ],
            [
                54.70477365019945,
                -89.19772142854143
            ],
            [
                55.72943840142658,
                -89.14229550205484
            ],
            [
                56.993892284173484,
                -89.48253482439516
            ],
            [
                58.083809588793684,
                -89.46286168113333
            ],
            [
                59.135152209772805,
                -89.3541352915489
            ],
            [
                60.3913,
                -89.589
            ]
        ],
        "terrain_counts": {
            "urban": 1,
            "flatlands": 1
        }
    },