{
    "Path 1": {
        "path": [
            [
                31.0,
                50.0
            ],
            [
                31.172525069519057,
                49.498641773501625
            ],
            [
                31.557307376262862,
                48.65824539981961
            ],
            [
                31.92486397354003,
                48.24589391385882
            ],
            [
                32.05910839348454,
                47.508634090196004
            ],
            [
                32.25169301020481,
                47.10739143515833
            ],
            [
                32.59215162398808,
                46.334485920807786
            ],
            [
                32.869152601064556,
                45.85182512977395
            ],
            [
                33.02235318781684,
                44.98880468873032
            ],
            [
                33.29554520290157,
                44.5163783875626
            ],
            [
                33.533766858800654,
                43.645483676130745
            ],
            [
                33.94675598113753,
                43.0425230783106
            ],
            [
                33.962238298287474,
                42.48415328481232
            ],
            [
                34.42657098008885,
                41.820441802414614
            ],
            [
                34.53004062755099,
                41.32929297660136
            ],
            [
                34.5710822524715,
                40.61577903105512
            ],
            [
                35.0,
                40.0
            ]
        ],
        "terrain_counts": {}
    },
    "Path 2": {
        "path": [
            [
                31.0,
                50.0
            ],
            [
                31.45339398691328,
                49.396052908377065
            ],
            [
                31.526679625367496,
                48.66753598319994
            ],
            [
                31.834170865800285,
                47.9092046104705
            ],
            [
                32.02227821457888,
                47.53264212910534
            ],
            [
                32.29506414475244,
                47.067465972092045
            ],
            [
                32.40224227518644,
                46.23818261017143
            ],
            [
                32.60338234624002,
                45.43459085836933
            ],
            [
                32.97622425510968,
                44.9922725194979
            ],
            [
                33.32443771944563,
                44.152907584414365
            ],
            [
                33.60021176409985,
                43.70692863087589
            ],
            [
                33.98247620590115,
                42.985443718697866
            ],
            [
                34.038095129192875,
                42.49483259290023
            ],
            [
                34.20512457945056,
                42.00266140744011
            ],
            [
                34.58315683502881,
                41.170669951621
            ],
            [
                34.72916015802281,
                40.395324552722606
            ],
            [
                35.0,
                40.0
            ]
        ],
        "terrain_counts": {
            "water": 2
        }
    },
    "Path 3": {
        "path": [
            [
                31.0,
                50.0
            ],
            [
                31.203370660252116,
                49.233286122741454
            ],
            [
                31.577372717150027,
                48.828352463956364
            ],
            [
                31.965284951191226,
                48.036725752107145
            ],
            [
                32.039482954785015,
                47.493259032228416
            ],
            [
                32.29635200411373,
                47.05705291796592
            ],
            [
                32.606789227280814,
                46.22444996876194
            ],
            [
                32.991747877564514,
                45.58245103780687
            ],
            [
                32.98464050380089,
                45.019725259859115
            ],
            [
                33.31272452090553,
                44.517723687908116
            ],
            [
                33.446920535792714,
                43.665854365805544
            ],
            [
                33.89104783882861,
                43.12518184364097
            ],
            [
                33.94232436337824,
                42.50922143504877
            ],
            [
                34.39910635937574,
                41.96457727294306
            ],
            [
                34.46133853668451,
                41.35412702773946
            ],
            [
                34.73128578337516,
                40.87706256364051
            ],
            [
                35.0,
                40.0
            ]
        ],
        "terrain_counts": {
            "water": 1
        }
    },
    "Path 4": {
        "path": [
            [
                31.0,
                50.0
            ],
            [
                31.036697300881862,
                49.38628217988087
            ],
            [
                31.459141001037732,
                48.66673565171363
            ],
            [
                31.581643349613728,
                47.97007100411666
            ],
            [
                32.03805838681757,
                47.49363877096705
            ],
            [
                32.44834244528716,
                46.69721563316976
            ],
            [
                32.60008030685733,
                46.20600367483489
            ],
            [
                32.680638339225055,
                45.767754088824674
            ],
            [
                32.97623930329799,
                44.99222637200306
            ],
            [
                33.08132745107056,
                44.331857804850564
            ],
            [
                33.551917019907556,
                43.833996810444354
            ],
            [
                33.90922147649686,
                43.32963462483219
            ],
            [
                34.03811344313113,
                42.496901103027994
            ],
            [
                34.155803877102855,
                42.04803989376653
            ],
            [
                34.57220997482141,
                41.33315433931784
            ],
            [
                34.60246341736528,
                40.58735738834612
            ],
            [
                35.0,
                40.0
            ]
        ],
        "terrain_counts": {
            "water": 2,
            "flatlands": 1
        }
    },