{
    "Path 1": {
        "path": [
            [
                31.0,
                50.0
            ],
            [
                31.151585679271076,
                49.2539429531824
            ],
            [
                31.590550904413437,
                48.78611781793286
            ],
            [
                31.817774397191247,
                47.92553527595809
            ],
            [
                32.01312598372084,
                47.463680939145824
            ],
            [
                32.04749169112046,
                46.88551741911948
            ],
            [
                32.453865150372174,
                46.16034970676531
            ],
            [
                32.921007805675444,
                45.537608471952694
            ],
            [
                33.00353876410544,
                45.024748275669346
            ],
            [
                33.07725750106602,
                44.422748267023955
            ],
            [
                33.549742973736365,
                43.852134409645906
            ],
            [
                33.63456420314559,
                43.05263290840949
            ],
            [
                34.044416068972865,
                42.48627317818306
            ],
            [
                34.42382293162376,
                41.70281414477569
            ],
            [
                34.61745564582373,
                41.27359791760062
            ],
            [
                34.61767056566456,
                40.6959354488309
            ],
            [
                35.0,
                40.0
            ]
        ],
        "terrain_counts": {}
    },
    "Path 2": {
        "path": [
            [
                31.0,
                50.0
            ],
            [
                31.419029662178474,
                49.443172520541815
            ],
            [
                31.502024267689574,
                48.66936476389107
            ],
            [
                31.578676155146375,
                48.072951561432944
            ],
            [
                32.0513139314997,
                47.533064245034524
            ],
            [
                32.3362003284559,
                47.12762463754679
            ],
            [
                32.62157746493784,
                46.32218533109076
            ],
            [
                32.94861246903492,
                45.82265281479245
            ],
            [
                33.01330702556251,
                45.0211641931261
            ],
            [
                33.297107757820285,
                44.59140073369705
            ],
            [
                33.621083312570875,
                43.76365990853264
            ],
            [
                33.63006759720521,
                43.12707174942459
            ],
            [
                34.03425009594029,
                42.552276563797285
            ],
            [
                34.39685366156732,
                42.00928233740994
            ],
            [
                34.47431241068146,
                41.18576639418798
            ],
            [
                34.93600691751423,
                40.614293341140545
            ],
            [
                35.0,
                40.0
            ]
        ],
        "terrain_counts": {
            "flatlands": 1,
            "water": 1
        }
    },
    "Path 3": {
        "path": [
            [
                31.0,
                50.0
            ],
            [
                31.395227361083858,
                49.457026589070445
            ],
            [
                31.50538176343777,
                48.63345843798892
            ],
            [
                31.867529108582577,
                47.871242805079994
            ],
            [
                32.04517465324952,
                47.46393432287449
            ],
            [
                32.239529383576766,
                46.637439176311275
            ],
            [
                32.61048364183993,
                46.16984876186064
            ],
            [
                32.722080515493076,
                45.75385562142863
            ],
            [
                33.00220486222092,
                44.9750974181542
            ],
            [
                33.3136673215189,
                44.53985198789526
            ],
            [
                33.40114759898387,
                43.77319747172991
            ],
            [
                33.88174015736472,
                43.125397331392655
            ],
            [
                33.96295907680651,
                42.45522094202703
            ],
            [
                34.36209068202535,
                41.968151683680105
            ],
            [
                34.40730841160859,
                41.29468240217708
            ],
            [
                34.71739302039004,
                40.846868755510926
            ],
            [
                35.0,
                40.0
            ]
        ],
        "terrain_counts": {
            "flatlands": 1
        }
    },
    "Path 4": {
        "path": [
            [
                31.0,
                50.0
            ],
            [
                31.501912111680006,
                49.38309468747078
            ],
            [
                31.60419537129577,
                48.78341669620227
            ],
            [
                31.627380886595276,
                48.19331700920567
            ],
            [
                32.02995993955846,
                47.47648712226034
            ],
            [
                32.3347163230628,
                47.008566421797745
            ],
            [
                32.41709469869854,
                46.20815809507458
            ],
            [
                32.8821253533454,
                45.701624591163686
            ],
            [
                32.986889493280025,
                45.02128648899057
            ],
            [
                33.43131072359601,
                44.261567815495766
            ],
            [
                33.50091776780768,
                43.64154282795334
            ],
            [
                33.663491469402295,
                42.871843520257556
            ],
            [
                34.00199192198188,
                42.46137920290636
            ],
            [
                34.370109113566876,
                41.71460925015537
            ],
            [
                34.40809083555163,
                41.193694498167666
            ],
            [
                34.50409884220741,
                40.60146968550517
            ],
            [
                35.0,
                40.0
            ]
        ],
        "terrain_counts": {}
    },