{
    "Path 1": {
        "path": [
            [
                31.0,
                50.0
            ],
            [
                31.42700102034843,
                49.35364700268458
            ],
            [
                31.490067959292897,
                48.87328190972564
            ],
            [
                31.561747228677913,
                48.24274176434119
            ],
            [
                32.028963500165375,
                47.55261571485347
            ],
            [
                32.205827828317716,
                46.75457066465607
            ],
            [
                32.6134843120484,
                46.28322881450959
            ],
            [
                32.790528336190576,
                45.45467743909405
            ],
            [
                32.99831344941669,
                45.02494304606759
            ],
            [
                33.33142776056565,
                44.53717036435972
            ],
            [
                33.478704365105955,
                43.69518821524246
            ],
            [
                33.70154395409768,
                42.93182806052566
            ],
            [
                33.994575157480895,
                42.562261172979746
            ],
            [
                34.107601589824796,
                42.129882088078126
            ],
            [
                34.43876554662465,
                41.362218019283354
            ],
            [
                34.525456448469086,
                40.73002302126201
            ],
            [
                35.0,
                40.0
            ]
        ],
        "terrain_counts": {
            "water": 3
        }
    },
    "Path 2": {
        "path": [
            [
                31.0,
                50.0
            ],
            [
                31.35106178334266,
                49.49852791962911
            ],
            [
                31.527307823416354,
                48.63727888626468
            ],
            [
                31.96943056352454,
                48.132379320896014
            ],
            [
                32.042101209776924,
                47.47416586070511
            ],
            [
                32.37446790018675,
                46.70130192989646
            ],
            [
                32.60231961066013,
                46.3145424136817
            ],
            [
                32.6423291587957,
                45.55609658019108
            ],
            [
                33.01469478418218,
                45.020225313788394
            ],
            [
                33.11239604543783,
                44.43243484909281
            ],
            [
                33.586475764379486,
                43.70922187301191
            ],
            [
                34.00356536818158,
                43.179073605656725
            ],
            [
                34.0322052585969,
                42.553495677452695
            ],
            [
                34.18103156822793,
                41.69401979108246
            ],
            [
                34.53421483173055,
                41.17840177564776
            ],
            [
                34.61542538590722,
                40.71955640856544
            ],
            [
                35.0,
                40.0
            ]
        ],
        "terrain_counts": {}
    },
    "Path 3": {
        "path": [
            [
                31.0,
                50.0
            ],
            [
                31.02009606844862,
                49.34714137174737
            ],
            [
                31.42517280314646,
                48.802863987797366
            ],
            [
                31.657871553626496,
                47.97515694517289
            ],
            [
                32.03182718222313,
                47.52167776680328
            ],
            [
                32.25842497261681,
                46.733560244494974
            ],
            [
                32.480136527886465,
                46.345412876956125
            ],
            [
                32.72815645518243,
                45.46187405754946
            ],
            [
                32.987823791779235,
                44.97816562450253
            ],
            [
                33.0955025564803,
                44.4151634795209
            ],
            [
                33.58556748715817,
                43.73476959688473
            ],
            [
                33.77984217316128,
                43.336667593838996
            ],
            [
                33.98902633846533,
                42.53884355308834
            ],
            [
                34.26618563349608,
                41.73543558112501
            ],
            [
                34.57338437653501,
                41.3308980537466
            ],
            [
                34.984426318585676,
                40.63542880523324
            ],
            [
                35.0,
                40.0
            ]
        ],
        "terrain_counts": {
            "flatlands": 1
        }
    },
    "Path 4": {
        "path": [
            [
                31.0,
                50.0
            ],
            [
                31.244945486158066,
                49.53785957521842
            ],
            [
                31.437411935790458,
                48.679176654952
            ],
            [
                31.548972959751026,
                48.11998461990195
            ],
            [
                32.047454717087454,
                47.45934138434698
            ],
            [
                32.53650329013715,
                46.84293008898645
            ],
            [
                32.627377191902326,
                46.18834902617235
            ],
            [
                32.86732017196569,
                45.390713845259874
            ],
            [
                33.018408704549856,
                44.983084929890886
            ],
            [
                33.022135709073034,
                44.39227132205789
            ],
            [
                33.41543086170618,
                43.71070167873324
            ],
            [
                33.611590639381824,
                43.248008352698754
            ],
            [
                34.012425329779724,
                42.44164631976454
            ],
            [
                34.11350385674303,
                41.6684327410611
            ],
            [
                34.40911246951682,
                41.24473031484721
            ],
            [
                34.83907741413368,
                40.474364980736254
            ],
            [
                35.0,
                40.0
            ]
        ],
        "terrain_counts": {
            "flatlands": 1
        }
    },